pred_val,pred_label,label
0.8999096155166626,1,1
0.999625563621521,1,1
0.9924154281616211,1,1
0.9955899715423584,1,1
0.9213510155677795,1,1
0.408465713262558,0,1
0.8783538937568665,1,1
0.7771229147911072,1,1
0.38377514481544495,0,1
0.004488712176680565,0,1
