pred_val,pred_label,label
0.9778434634208679,1,1
0.9992464780807495,1,1
0.909712553024292,1,1
0.9955222606658936,1,1
0.993187427520752,1,1
0.8775163888931274,1,1
0.9775625467300415,1,1
0.7809073328971863,1,1
0.03334018960595131,0,1
2.649956149980426e-05,0,1
