idx,pred_val,pred_label,label
0,0.9999853372573853,1,1
1,0.9999853372573853,1,1
2,0.9999786615371704,1,1
3,0.9999802112579346,1,1
4,0.9999537467956543,1,1
5,0.002036571502685547,0,1
6,0.9999417066574097,1,1
7,2.384185791015625e-05,0,1
8,1.1563301086425781e-05,0,1
9,6.4849853515625e-05,0,1
