idx,pred_val,pred_label,label
0,0.9999809265136719,1,1
1,0.9999765157699585,1,1
2,0.9999767541885376,1,1
3,0.9999775886535645,1,1
4,0.999982476234436,1,1
5,0.9998733997344971,1,1
6,0.976475179195404,1,1
7,0.0043634772300720215,0,1
8,1.1086463928222656e-05,0,1
9,3.838539123535156e-05,0,1
