idx,pred_val,pred_label,label
0,0.9999750852584839,1,1
1,0.9999762773513794,1,1
2,0.9999759197235107,1,1
3,0.9999755620956421,1,1
4,0.9999758005142212,1,1
5,0.0018590688705444336,0,1
6,0.9157319068908691,1,1
7,7.903575897216797e-05,0,1
8,1.3947486877441406e-05,0,1
9,5.0067901611328125e-05,0,1
