idx,pred_val,pred_label,label
0,0.9999585151672363,1,1
1,0.9999676942825317,1,1
2,0.9999665021896362,1,1
3,0.999962329864502,1,1
4,0.9999505281448364,1,1
5,0.9999432563781738,1,1
6,0.9999207258224487,1,1
7,0.09846115112304688,0,1
8,8.71419906616211e-05,0,1
9,2.9921531677246094e-05,0,1
