pred_val,pred_label,label
0.9952793121337891,1,1
0.9999927282333374,1,1
0.9990725517272949,1,1
0.9999325275421143,1,1
0.9983944296836853,1,1
0.9742238521575928,1,1
0.9987245202064514,1,1
0.10611740499734879,0,1
0.0004407028609421104,0,1
6.426816980820149e-06,0,1
